{"cameraMode":{"drawMode":0,"name":"Shaded","section":"Shading Mode"},"sceneLighting":true,"audioPlay":false,"sceneViewState":{"m_AlwaysRefresh":false,"showFog":true,"showSkybox":true,"showFlares":true,"showImageEffects":true,"showParticleSystems":true,"showVisualEffectGraphs":true,"m_FxEnabled":true},"in2DMode":false,"pivot":{"x":122.68682861328125,"y":-17.22994041442871,"z":127.49028778076172},"rotation":{"x":0.27284717559814455,"y":0.05741763114929199,"z":-0.01640763133764267,"w":0.9602299332618713},"size":19.93829917907715,"orthographic":true}