{"cameraMode":{"drawMode":0,"name":"Shaded","section":"Shading Mode"},"sceneLighting":false,"audioPlay":false,"sceneViewState":{"m_AlwaysRefresh":false,"showFog":true,"showSkybox":false,"showFlares":true,"showImageEffects":true,"showParticleSystems":true,"showVisualEffectGraphs":true,"m_FxEnabled":true},"in2DMode":false,"pivot":{"x":0.0022281110286712648,"y":0.2268991768360138,"z":-0.04626171290874481},"rotation":{"x":0.08527258038520813,"y":-0.9128717184066773,"z":0.2501174509525299,"w":0.3111914098262787},"size":0.6469477415084839,"orthographic":false}